{
    "name": "root",
    "gauges": {
        "MoveAndJumpToGoal.Policy.Entropy.mean": {
            "value": 1.3492796421051025,
            "min": 1.349098563194275,
            "max": 1.419716477394104,
            "count": 100
        },
        "MoveAndJumpToGoal.Policy.Entropy.sum": {
            "value": 26978.845703125,
            "min": 26287.421875,
            "max": 29452.01953125,
            "count": 100
        },
        "MoveAndJumpToGoal.Environment.EpisodeLength.mean": {
            "value": 1595.142857142857,
            "min": 146.67164179104478,
            "max": 1999.0,
            "count": 100
        },
        "MoveAndJumpToGoal.Environment.EpisodeLength.sum": {
            "value": 22332.0,
            "min": 11734.0,
            "max": 28072.0,
            "count": 100
        },
        "MoveAndJumpToGoal.Policy.ExtrinsicValueEstimate.mean": {
            "value": -0.04728082939982414,
            "min": -0.7857277989387512,
            "max": -0.017525676637887955,
            "count": 100
        },
        "MoveAndJumpToGoal.Policy.ExtrinsicValueEstimate.sum": {
            "value": -7.659494400024414,
            "min": -166.5742950439453,
            "max": -2.8391594886779785,
            "count": 100
        },
        "MoveAndJumpToGoal.Environment.CumulativeReward.mean": {
            "value": -0.7265714681042093,
            "min": -1.3495000327626865,
            "max": -0.6079583776493868,
            "count": 100
        },
        "MoveAndJumpToGoal.Environment.CumulativeReward.sum": {
            "value": -10.172000553458929,
            "min": -137.8285007700324,
            "max": -7.295500531792641,
            "count": 100
        },
        "MoveAndJumpToGoal.Policy.ExtrinsicReward.mean": {
            "value": -0.7265714681042093,
            "min": -1.3495000327626865,
            "max": -0.6079583776493868,
            "count": 100
        },
        "MoveAndJumpToGoal.Policy.ExtrinsicReward.sum": {
            "value": -10.172000553458929,
            "min": -137.8285007700324,
            "max": -7.295500531792641,
            "count": 100
        },
        "MoveAndJumpToGoal.Losses.PolicyLoss.mean": {
            "value": 0.023395488557677403,
            "min": 0.016024635553670428,
            "max": 0.02693447159739056,
            "count": 100
        },
        "MoveAndJumpToGoal.Losses.PolicyLoss.sum": {
            "value": 0.09358195423070961,
            "min": 0.06952083613577997,
            "max": 0.12941264142621853,
            "count": 100
        },
        "MoveAndJumpToGoal.Losses.ValueLoss.mean": {
            "value": 0.003687446020194329,
            "min": 0.0018987383247197915,
            "max": 0.4960605533172687,
            "count": 100
        },
        "MoveAndJumpToGoal.Losses.ValueLoss.sum": {
            "value": 0.014749784080777316,
            "min": 0.009493691623598957,
            "max": 1.984242213269075,
            "count": 100
        },
        "MoveAndJumpToGoal.Policy.LearningRate.mean": {
            "value": 1.4948870017374968e-06,
            "min": 1.4948870017374968e-06,
            "max": 0.00029844018801993753,
            "count": 100
        },
        "MoveAndJumpToGoal.Policy.LearningRate.sum": {
            "value": 5.979548006949987e-06,
            "min": 5.979548006949987e-06,
            "max": 0.0014782864572378497,
            "count": 100
        },
        "MoveAndJumpToGoal.Policy.Epsilon.mean": {
            "value": 0.1004982625,
            "min": 0.1004982625,
            "max": 0.19948006250000003,
            "count": 100
        },
        "MoveAndJumpToGoal.Policy.Epsilon.sum": {
            "value": 0.40199305,
            "min": 0.40199305,
            "max": 0.9927621500000001,
            "count": 100
        },
        "MoveAndJumpToGoal.Policy.Beta.mean": {
            "value": 3.486329874999996e-05,
            "min": 3.486329874999996e-05,
            "max": 0.004974055118749999,
            "count": 100
        },
        "MoveAndJumpToGoal.Policy.Beta.sum": {
            "value": 0.00013945319499999984,
            "min": 0.00013945319499999984,
            "max": 0.024638831285,
            "count": 100
        },
        "MoveAndJumpToGoal.IsTraining.mean": {
            "value": 1.0,
            "min": 1.0,
            "max": 1.0,
            "count": 100
        },
        "MoveAndJumpToGoal.IsTraining.sum": {
            "value": 1.0,
            "min": 1.0,
            "max": 1.0,
            "count": 100
        }
    },
    "metadata": {
        "timer_format_version": "0.1.0",
        "start_time_seconds": "1623335767",
        "python_version": "3.9.4 (tags/v3.9.4:1f2e308, Apr  6 2021, 13:40:21) [MSC v.1928 64 bit (AMD64)]",
        "command_line_arguments": "G:\\G-School\\AdvancedTools\\repo\\AdvancedTools_AI\\venv\\Scripts\\mlagents-learn config/increase_batch_buffer_config_v1.yaml --run-id=higher_batch_buffer_config_moveJump_v1_run_1",
        "mlagents_version": "0.25.1",
        "mlagents_envs_version": "0.25.1",
        "communication_protocol_version": "1.5.0",
        "pytorch_version": "1.8.1+cu102",
        "numpy_version": "1.20.2",
        "end_time_seconds": "1623337693"
    },
    "total": 1926.838362,
    "count": 1,
    "self": 0.009088300000030358,
    "children": {
        "run_training.setup": {
            "total": 0.07691099999999995,
            "count": 1,
            "self": 0.07691099999999995
        },
        "TrainerController.start_learning": {
            "total": 1926.7523626999998,
            "count": 1,
            "self": 2.5372899999933907,
            "children": {
                "TrainerController._reset_env": {
                    "total": 25.6932383,
                    "count": 1,
                    "self": 25.6932383
                },
                "TrainerController.advance": {
                    "total": 1898.4545870000063,
                    "count": 133402,
                    "self": 1.1370831999886377,
                    "children": {
                        "env_step": {
                            "total": 1897.3175038000177,
                            "count": 133402,
                            "self": 1559.1259958000117,
                            "children": {
                                "SubprocessEnvManager._take_step": {
                                    "total": 336.8473048000066,
                                    "count": 133402,
                                    "self": 6.425360500017632,
                                    "children": {
                                        "TorchPolicy.evaluate": {
                                            "total": 330.421944299989,
                                            "count": 133402,
                                            "self": 159.40090100002078,
                                            "children": {
                                                "TorchPolicy.sample_actions": {
                                                    "total": 171.0210432999682,
                                                    "count": 133402,
                                                    "self": 171.0210432999682
                                                }
                                            }
                                        }
                                    }
                                },
                                "workers": {
                                    "total": 1.3442031999994057,
                                    "count": 133402,
                                    "self": 0.0,
                                    "children": {
                                        "worker_root": {
                                            "total": 1899.6668383000244,
                                            "count": 133402,
                                            "is_parallel": true,