{
    "name": "root",
    "gauges": {
        "MoveAndJumpToGoal.Policy.Entropy.mean": {
            "value": 1.2749897241592407,
            "min": 1.2749450206756592,
            "max": 1.4263654947280884,
            "count": 100
        },
        "MoveAndJumpToGoal.Policy.Entropy.sum": {
            "value": 25646.41796875,
            "min": 24768.396484375,
            "max": 29716.212890625,
            "count": 100
        },
        "MoveAndJumpToGoal.Environment.EpisodeLength.mean": {
            "value": 1999.0,
            "min": 132.38194444444446,
            "max": 1999.0,
            "count": 100
        },
        "MoveAndJumpToGoal.Environment.EpisodeLength.sum": {
            "value": 25987.0,
            "min": 10318.0,
            "max": 28031.0,
            "count": 100
        },
        "MoveAndJumpToGoal.Policy.ExtrinsicValueEstimate.mean": {
            "value": -0.049266472458839417,
            "min": -0.5823330879211426,
            "max": -0.033152997493743896,
            "count": 100
        },
        "MoveAndJumpToGoal.Policy.ExtrinsicValueEstimate.sum": {
            "value": -7.931901931762695,
            "min": -125.20161437988281,
            "max": -5.337632656097412,
            "count": 100
        },
        "MoveAndJumpToGoal.Environment.CumulativeReward.mean": {
            "value": -1.0000000484287739,
            "min": -1.3765263382933641,
            "max": -0.44186366586522624,
            "count": 100
        },
        "MoveAndJumpToGoal.Environment.CumulativeReward.sum": {
            "value": -12.000000581145287,
            "min": -149.53250139206648,
            "max": -4.8605003245174885,
            "count": 100
        },
        "MoveAndJumpToGoal.Policy.ExtrinsicReward.mean": {
            "value": -1.0000000484287739,
            "min": -1.3765263382933641,
            "max": -0.44186366586522624,
            "count": 100
        },
        "MoveAndJumpToGoal.Policy.ExtrinsicReward.sum": {
            "value": -12.000000581145287,
            "min": -149.53250139206648,
            "max": -4.8605003245174885,
            "count": 100
        },
        "MoveAndJumpToGoal.Losses.PolicyLoss.mean": {
            "value": 0.06753980568315605,
            "min": 0.062272138005294964,
            "max": 0.07399945431735117,
            "count": 100
        },
        "MoveAndJumpToGoal.Losses.PolicyLoss.sum": {
            "value": 0.6078582511484045,
            "min": 0.5604492420476547,
            "max": 0.7299030220324718,
            "count": 100
        },
        "MoveAndJumpToGoal.Losses.ValueLoss.mean": {
            "value": 8.355733923102322e-05,
            "min": 3.663767529341221e-05,
            "max": 0.11848244227837743,
            "count": 100
        },
        "MoveAndJumpToGoal.Losses.ValueLoss.sum": {
            "value": 0.000752016053079209,
            "min": 0.00032973907764070984,
            "max": 1.0663419805053969,
            "count": 100
        },
        "MoveAndJumpToGoal.Policy.LearningRate.mean": {
            "value": 1.5762494746166651e-06,
            "min": 1.5762494746166651e-06,
            "max": 0.0002984095005301666,
            "count": 100
        },
        "MoveAndJumpToGoal.Policy.LearningRate.sum": {
            "value": 1.4186245271549985e-05,
            "min": 1.4186245271549985e-05,
            "max": 0.00292568537477155,
            "count": 100
        },
        "MoveAndJumpToGoal.Policy.Epsilon.mean": {
            "value": 0.10052538333333334,
            "min": 0.10052538333333334,
            "max": 0.19946983333333332,
            "count": 100
        },
        "MoveAndJumpToGoal.Policy.Epsilon.sum": {
            "value": 0.9047284500000001,
            "min": 0.9047284500000001,
            "max": 1.9752284500000001,
            "count": 100
        },
        "MoveAndJumpToGoal.Policy.Beta.mean": {
            "value": 3.6216628333333314e-05,
            "min": 3.6216628333333314e-05,
            "max": 0.004973544683333333,
            "count": 100
        },
        "MoveAndJumpToGoal.Policy.Beta.sum": {
            "value": 0.00032594965499999984,
            "min": 0.00032594965499999984,
            "max": 0.048763899655000005,
            "count": 100
        },
        "MoveAndJumpToGoal.IsTraining.mean": {
            "value": 1.0,
            "min": 1.0,
            "max": 1.0,
            "count": 100
        },
        "MoveAndJumpToGoal.IsTraining.sum": {
            "value": 1.0,
            "min": 1.0,
            "max": 1.0,
            "count": 100
        }
    },
    "metadata": {
        "timer_format_version": "0.1.0",
        "start_time_seconds": "1623323720",
        "python_version": "3.9.4 (tags/v3.9.4:1f2e308, Apr  6 2021, 13:40:21) [MSC v.1928 64 bit (AMD64)]",
        "command_line_arguments": "G:\\G-School\\AdvancedTools\\repo\\AdvancedTools_AI\\venv\\Scripts\\mlagents-learn config/starting_config.yaml --run-id=starting_config_moveJump_v1_run_3",
        "mlagents_version": "0.25.1",
        "mlagents_envs_version": "0.25.1",
        "communication_protocol_version": "1.5.0",
        "pytorch_version": "1.8.1+cu102",
        "numpy_version": "1.20.2",
        "end_time_seconds": "1623325682"
    },
    "total": 1961.5294766,
    "count": 1,
    "self": 0.005857800000057978,
    "children": {
        "run_training.setup": {
            "total": 0.07736350000000003,
            "count": 1,
            "self": 0.07736350000000003
        },
        "TrainerController.start_learning": {
            "total": 1961.4462552999998,
            "count": 1,
            "self": 2.7101057000261335,
            "children": {
                "TrainerController._reset_env": {
                    "total": 6.522844200000001,
                    "count": 1,
                    "self": 6.522844200000001
                },
                "TrainerController.advance": {
                    "total": 1952.1514999999738,
                    "count": 133411,
                    "self": 1.2151337999314364,
                    "children": {
                        "env_step": {
                            "total": 1950.9363662000424,
                            "count": 133411,
                            "self": 1674.3495134000182,
                            "children": {
                                "SubprocessEnvManager._take_step": {
                                    "total": 275.2122647000324,
                                    "count": 133411,
                                    "self": 6.931390600020791,
                                    "children": {
                                        "TorchPolicy.evaluate": {
                                            "total": 268.2808741000116,
                                            "count": 133411,
                                            "self": 119.00964160004222,
                                            "children": {
                                                "TorchPolicy.sample_actions": {
                                                    "total": 149.2712324999694,
                                                    "count": 133411,
                                                    "self": 149.2712324999694
                                                }
                                            }
                                        }
                                    }
                                },
                                "workers": {
                                    "total": 1.3745880999918292,
                                    "count": 133411,
                                    "self": 0.0,
                                    "children": {
                                        "worker_root": {
                                            "total": 1953.176083300011,
                                            "count": 133411,
                                            "is_parallel": true,