{
    "name": "root",
    "gauges": {
        "MoveAndJumpToGoal.Policy.Entropy.mean": {
            "value": 1.2561125755310059,
            "min": 1.2561125755310059,
            "max": 1.4165940284729004,
            "count": 100
        },
        "MoveAndJumpToGoal.Policy.Entropy.sum": {
            "value": 25247.86328125,
            "min": 24765.640625,
            "max": 29323.49609375,
            "count": 100
        },
        "MoveAndJumpToGoal.Environment.EpisodeLength.mean": {
            "value": 1464.3333333333333,
            "min": 96.3696682464455,
            "max": 1961.8333333333333,
            "count": 100
        },
        "MoveAndJumpToGoal.Environment.EpisodeLength.sum": {
            "value": 17572.0,
            "min": 12151.0,
            "max": 26728.0,
            "count": 100
        },
        "MoveAndJumpToGoal.Policy.ExtrinsicValueEstimate.mean": {
            "value": -0.03870531544089317,
            "min": -1.131866693496704,
            "max": -0.017857776954770088,
            "count": 100
        },
        "MoveAndJumpToGoal.Policy.ExtrinsicValueEstimate.sum": {
            "value": -6.270261287689209,
            "min": -261.4612121582031,
            "max": -2.8751020431518555,
            "count": 100
        },
        "MoveAndJumpToGoal.Environment.CumulativeReward.mean": {
            "value": -0.5659167058765888,
            "min": -1.2434000380337238,
            "max": -0.3054643268031733,
            "count": 100
        },
        "MoveAndJumpToGoal.Environment.CumulativeReward.sum": {
            "value": -6.791000470519066,
            "min": -214.1295022368431,
            "max": -3.169500481337309,
            "count": 100
        },
        "MoveAndJumpToGoal.Policy.ExtrinsicReward.mean": {
            "value": -0.5659167058765888,
            "min": -1.2434000380337238,
            "max": -0.3054643268031733,
            "count": 100
        },
        "MoveAndJumpToGoal.Policy.ExtrinsicReward.sum": {
            "value": -6.791000470519066,
            "min": -214.1295022368431,
            "max": -3.169500481337309,
            "count": 100
        },
        "MoveAndJumpToGoal.Losses.PolicyLoss.mean": {
            "value": 0.06695943511779172,
            "min": 0.060034711782938004,
            "max": 0.07494773348081013,
            "count": 100
        },
        "MoveAndJumpToGoal.Losses.PolicyLoss.sum": {
            "value": 0.6026349160601254,
            "min": 0.540312406046442,
            "max": 0.7436552617974606,
            "count": 100
        },
        "MoveAndJumpToGoal.Losses.ValueLoss.mean": {
            "value": 0.002025188828346609,
            "min": 0.00034538218890247665,
            "max": 0.09365124159160552,
            "count": 100
        },
        "MoveAndJumpToGoal.Losses.ValueLoss.sum": {
            "value": 0.018226699455119483,
            "min": 0.0034538218890247663,
            "max": 0.8428611743244497,
            "count": 100
        },
        "MoveAndJumpToGoal.Policy.LearningRate.mean": {
            "value": 1.440399519899998e-06,
            "min": 1.440399519899998e-06,
            "max": 0.00029841051719649444,
            "count": 100
        },
        "MoveAndJumpToGoal.Policy.LearningRate.sum": {
            "value": 1.2963595679099982e-05,
            "min": 1.2963595679099982e-05,
            "max": 0.0029255274248241995,
            "count": 100
        },
        "MoveAndJumpToGoal.Policy.Epsilon.mean": {
            "value": 0.1004801,
            "min": 0.1004801,
            "max": 0.19947017222222221,
            "count": 100
        },
        "MoveAndJumpToGoal.Policy.Epsilon.sum": {
            "value": 0.9043209,
            "min": 0.9043209,
            "max": 1.9751758000000001,
            "count": 100
        },
        "MoveAndJumpToGoal.Policy.Beta.mean": {
            "value": 3.395698999999997e-05,
            "min": 3.395698999999997e-05,
            "max": 0.004973561593888888,
            "count": 100
        },
        "MoveAndJumpToGoal.Policy.Beta.sum": {
            "value": 0.00030561290999999975,
            "min": 0.00030561290999999975,
            "max": 0.04876127242000001,
            "count": 100
        },
        "MoveAndJumpToGoal.IsTraining.mean": {
            "value": 1.0,
            "min": 1.0,
            "max": 1.0,
            "count": 100
        },
        "MoveAndJumpToGoal.IsTraining.sum": {
            "value": 1.0,
            "min": 1.0,
            "max": 1.0,
            "count": 100
        }
    },
    "metadata": {
        "timer_format_version": "0.1.0",
        "start_time_seconds": "1623319519",
        "python_version": "3.9.4 (tags/v3.9.4:1f2e308, Apr  6 2021, 13:40:21) [MSC v.1928 64 bit (AMD64)]",
        "command_line_arguments": "G:\\G-School\\AdvancedTools\\repo\\AdvancedTools_AI\\venv\\Scripts\\mlagents-learn config/starting_config.yaml --run-id=starting_config_moveJump_v1_run_1",
        "mlagents_version": "0.25.1",
        "mlagents_envs_version": "0.25.1",
        "communication_protocol_version": "1.5.0",
        "pytorch_version": "1.8.1+cu102",
        "numpy_version": "1.20.2",
        "end_time_seconds": "1623321462"
    },
    "total": 1943.2983524,
    "count": 1,
    "self": 0.005795400000351947,
    "children": {
        "run_training.setup": {
            "total": 0.07490980000000003,
            "count": 1,
            "self": 0.07490980000000003
        },
        "TrainerController.start_learning": {
            "total": 1943.2176471999999,
            "count": 1,
            "self": 2.39657669999292,
            "children": {
                "TrainerController._reset_env": {
                    "total": 6.9515135,
                    "count": 1,
                    "self": 6.9515135
                },
                "TrainerController.advance": {
                    "total": 1933.808756200007,
                    "count": 133412,
                    "self": 1.0701316000331644,
                    "children": {
                        "env_step": {
                            "total": 1932.738624599974,
                            "count": 133412,
                            "self": 1674.9282586000022,
                            "children": {
                                "SubprocessEnvManager._take_step": {
                                    "total": 256.5663676999717,
                                    "count": 133412,
                                    "self": 6.295488899968433,
                                    "children": {
                                        "TorchPolicy.evaluate": {
                                            "total": 250.27087880000326,
                                            "count": 133412,
                                            "self": 127.06674099997731,
                                            "children": {
                                                "TorchPolicy.sample_actions": {
                                                    "total": 123.20413780002595,
                                                    "count": 133412,
                                                    "self": 123.20413780002595
                                                }
                                            }
                                        }
                                    }
                                },
                                "workers": {
                                    "total": 1.243998300000138,
                                    "count": 133412,
                                    "self": 0.0,
                                    "children": {
                                        "worker_root": {
                                            "total": 1934.0331150999598,
                                            "count": 133412,
                                            "is_parallel": true,