{
    "name": "root",
    "gauges": {
        "MoveAndJumpToGoal.Policy.Entropy.mean": {
            "value": 0.6228840351104736,
            "min": 0.5957344174385071,
            "max": 0.6319529414176941,
            "count": 24
        },
        "MoveAndJumpToGoal.Policy.Entropy.sum": {
            "value": 15605.11328125,
            "min": 3192.2099609375,
            "max": 15832.31640625,
            "count": 24
        },
        "MoveAndJumpToGoal.Environment.EpisodeLength.mean": {
            "value": 14.904005085823268,
            "min": 14.87246192893401,
            "max": 23.603092783505154,
            "count": 24
        },
        "MoveAndJumpToGoal.Environment.EpisodeLength.sum": {
            "value": 23444.0,
            "min": 4106.0,
            "max": 25575.0,
            "count": 24
        },
        "MoveAndJumpToGoal.Policy.ExtrinsicValueEstimate.mean": {
            "value": 0.917517900466919,
            "min": 0.6867627501487732,
            "max": 0.917517900466919,
            "count": 24
        },
        "MoveAndJumpToGoal.Policy.ExtrinsicValueEstimate.sum": {
            "value": 1442.338134765625,
            "min": 170.31716918945312,
            "max": 1442.338134765625,
            "count": 24
        },
        "MoveAndJumpToGoal.Environment.CumulativeReward.mean": {
            "value": 0.9751558750867844,
            "min": 0.8863261305103299,
            "max": 0.9751558750867844,
            "count": 24
        },
        "MoveAndJumpToGoal.Environment.CumulativeReward.sum": {
            "value": 1532.945035636425,
            "min": 216.1566719636321,
            "max": 1532.945035636425,
            "count": 24
        },
        "MoveAndJumpToGoal.Policy.ExtrinsicReward.mean": {
            "value": 0.9751558750867844,
            "min": 0.8863261305103299,
            "max": 0.9751558750867844,
            "count": 24
        },
        "MoveAndJumpToGoal.Policy.ExtrinsicReward.sum": {
            "value": 1532.945035636425,
            "min": 216.1566719636321,
            "max": 1532.945035636425,
            "count": 24
        },
        "MoveAndJumpToGoal.IsTraining.mean": {
            "value": 1.0,
            "min": 1.0,
            "max": 1.0,
            "count": 24
        },
        "MoveAndJumpToGoal.IsTraining.sum": {
            "value": 1.0,
            "min": 1.0,
            "max": 1.0,
            "count": 24
        },
        "MoveAndJumpToGoal.Losses.PolicyLoss.mean": {
            "value": 0.09886371004162357,
            "min": 0.09161981367506088,
            "max": 0.10158501367705564,
            "count": 23
        },
        "MoveAndJumpToGoal.Losses.PolicyLoss.sum": {
            "value": 0.3954548401664943,
            "min": 0.2748594410251826,
            "max": 0.40634005470822254,
            "count": 23
        },
        "MoveAndJumpToGoal.Losses.ValueLoss.mean": {
            "value": 0.0004039814964623171,
            "min": 0.0004039814964623171,
            "max": 0.03132472432955789,
            "count": 23
        },
        "MoveAndJumpToGoal.Losses.ValueLoss.sum": {
            "value": 0.0016159259858492684,
            "min": 0.0016159259858492684,
            "max": 0.12529889731823157,
            "count": 23
        },
        "MoveAndJumpToGoal.Policy.LearningRate.mean": {
            "value": 0.00010964340720221874,
            "min": 0.00010964340720221874,
            "max": 0.00015104476215176252,
            "count": 23
        },
        "MoveAndJumpToGoal.Policy.LearningRate.sum": {
            "value": 0.00043857362880887497,
            "min": 0.00036285130404962497,
            "max": 0.0006041790486070501,
            "count": 23
        },
        "MoveAndJumpToGoal.Policy.Epsilon.mean": {
            "value": 0.13654778125000003,
            "min": 0.13654778125000003,
            "max": 0.15034823749999998,
            "count": 23
        },
        "MoveAndJumpToGoal.Policy.Epsilon.sum": {
            "value": 0.5461911250000001,
            "min": 0.420950375,
            "max": 0.6013929499999999,
            "count": 23
        },
        "MoveAndJumpToGoal.Policy.Beta.mean": {
            "value": 0.00018908412812499998,
            "min": 0.00018908412812499998,
            "max": 0.00025670636375,
            "count": 23
        },
        "MoveAndJumpToGoal.Policy.Beta.sum": {
            "value": 0.0007563365124999999,
            "min": 0.0006226568375,
            "max": 0.001026825455,
            "count": 23
        }
    },
    "metadata": {
        "timer_format_version": "0.1.0",
        "start_time_seconds": "1621596133",
        "python_version": "3.9.4 (tags/v3.9.4:1f2e308, Apr  6 2021, 13:40:21) [MSC v.1928 64 bit (AMD64)]",
        "command_line_arguments": "G:\\G-School\\AdvancedTools\\repo\\AdvancedTools_AI\\venv\\Scripts\\mlagents-learn config/moveAndJumpToGoal.yaml --run-id=MoveNoJumpV1 --resume",
        "mlagents_version": "0.25.1",
        "mlagents_envs_version": "0.25.1",
        "communication_protocol_version": "1.5.0",
        "pytorch_version": "1.8.1+cu102",
        "numpy_version": "1.20.2",
        "end_time_seconds": "1621596828"
    },
    "total": 695.2061014,
    "count": 1,
    "self": 0.004272799999966992,
    "children": {
        "run_training.setup": {
            "total": 0.07650950000000001,
            "count": 1,
            "self": 0.07650950000000001
        },
        "TrainerController.start_learning": {
            "total": 695.1253191,
            "count": 1,
            "self": 0.9954141999984358,
            "children": {
                "TrainerController._reset_env": {
                    "total": 5.6601403,
                    "count": 1,
                    "self": 5.6601403
                },
                "TrainerController.advance": {
                    "total": 688.4088925000016,
                    "count": 51480,
                    "self": 0.4624652999979162,
                    "children": {
                        "env_step": {
                            "total": 687.9464272000037,
                            "count": 51480,
                            "self": 630.2433310000065,
                            "children": {
                                "SubprocessEnvManager._take_step": {
                                    "total": 57.18415580000716,
                                    "count": 51480,
                                    "self": 1.8310522000086564,
                                    "children": {
                                        "TorchPolicy.evaluate": {
                                            "total": 55.353103599998505,
                                            "count": 28014,
                                            "self": 19.367809399997114,
                                            "children": {
                                                "TorchPolicy.sample_actions": {
                                                    "total": 35.98529420000139,
                                                    "count": 28014,
                                                    "self": 35.98529420000139
                                                }
                                            }
                                        }
                                    }
                                },
                                "workers": {
                                    "total": 0.5189403999899938,
                                    "count": 51479,
                                    "self": 0.0,
                                    "children": {
                                        "worker_root": {
                                            "total": 689.596324399988,
                                            "count": 51479,
                                            "is_parallel": true,
                                            "self": 279.96195309998154,