{
    "name": "root",
    "gauges": {
        "MoveAndJumpToGoal.Policy.Entropy.mean": {
            "value": 1.1355417966842651,
            "min": 1.1355417966842651,
            "max": 1.18636953830719,
            "count": 39
        },
        "MoveAndJumpToGoal.Policy.Entropy.sum": {
            "value": 28353.34375,
            "min": 28152.875,
            "max": 29656.865234375,
            "count": 39
        },
        "MoveAndJumpToGoal.Environment.EpisodeLength.mean": {
            "value": 15.292046936114733,
            "min": 15.292046936114733,
            "max": 19.29683698296837,
            "count": 39
        },
        "MoveAndJumpToGoal.Environment.EpisodeLength.sum": {
            "value": 23458.0,
            "min": 22364.0,
            "max": 23856.0,
            "count": 39
        },
        "MoveAndJumpToGoal.Policy.ExtrinsicValueEstimate.mean": {
            "value": 0.9013671875,
            "min": 0.8313866853713989,
            "max": 0.9066225290298462,
            "count": 39
        },
        "MoveAndJumpToGoal.Policy.ExtrinsicValueEstimate.sum": {
            "value": 1382.697265625,
            "min": 1024.2684326171875,
            "max": 1382.697265625,
            "count": 39
        },
        "MoveAndJumpToGoal.Environment.CumulativeReward.mean": {
            "value": 0.9640830307227536,
            "min": 0.9256453118831306,
            "max": 0.9688411773393585,
            "count": 39
        },
        "MoveAndJumpToGoal.Environment.CumulativeReward.sum": {
            "value": 1478.903369128704,
            "min": 1109.7550238445401,
            "max": 1478.903369128704,
            "count": 39
        },
        "MoveAndJumpToGoal.Policy.ExtrinsicReward.mean": {
            "value": 0.9640830307227536,
            "min": 0.9256453118831306,
            "max": 0.9688411773393585,
            "count": 39
        },
        "MoveAndJumpToGoal.Policy.ExtrinsicReward.sum": {
            "value": 1478.903369128704,
            "min": 1109.7550238445401,
            "max": 1478.903369128704,
            "count": 39
        },
        "MoveAndJumpToGoal.Losses.PolicyLoss.mean": {
            "value": 0.096540029323387,
            "min": 0.0887348340495646,
            "max": 0.10172098536607033,
            "count": 39
        },
        "MoveAndJumpToGoal.Losses.PolicyLoss.sum": {
            "value": 0.386160117293548,
            "min": 0.28718849628712634,
            "max": 0.4040748414520082,
            "count": 39
        },
        "MoveAndJumpToGoal.Losses.ValueLoss.mean": {
            "value": 0.019238719183995275,
            "min": 0.009361699105550845,
            "max": 0.05844528455946905,
            "count": 39
        },
        "MoveAndJumpToGoal.Losses.ValueLoss.sum": {
            "value": 0.0769548767359811,
            "min": 0.03744679642220338,
            "max": 0.2337811382378762,
            "count": 39
        },
        "MoveAndJumpToGoal.Policy.LearningRate.mean": {
            "value": 2.097061801012502e-06,
            "min": 2.097061801012502e-06,
            "max": 0.0001440990019670167,
            "count": 39
        },
        "MoveAndJumpToGoal.Policy.LearningRate.sum": {
            "value": 8.388247204050007e-06,
            "min": 8.388247204050007e-06,
            "max": 0.0005629376123542,
            "count": 39
        },
        "MoveAndJumpToGoal.Policy.Epsilon.mean": {
            "value": 0.10069898750000002,
            "min": 0.10069898750000002,
            "max": 0.14803298333333337,
            "count": 39
        },
        "MoveAndJumpToGoal.Policy.Epsilon.sum": {
            "value": 0.40279595000000007,
            "min": 0.31315525000000005,
            "max": 0.5876458,
            "count": 39
        },
        "MoveAndJumpToGoal.Policy.Beta.mean": {
            "value": 1.3425038750000002e-05,
            "min": 1.3425038750000002e-05,
            "max": 0.0002453616183333334,
            "count": 39
        },
        "MoveAndJumpToGoal.Policy.Beta.sum": {
            "value": 5.370015500000001e-05,
            "min": 5.370015500000001e-05,
            "max": 0.00095946442,
            "count": 39
        },
        "MoveAndJumpToGoal.IsTraining.mean": {
            "value": 1.0,
            "min": 1.0,
            "max": 1.0,
            "count": 39
        },
        "MoveAndJumpToGoal.IsTraining.sum": {
            "value": 1.0,
            "min": 1.0,
            "max": 1.0,
            "count": 39
        }
    },
    "metadata": {
        "timer_format_version": "0.1.0",
        "start_time_seconds": "1622134620",
        "python_version": "3.9.4 (tags/v3.9.4:1f2e308, Apr  6 2021, 13:40:21) [MSC v.1928 64 bit (AMD64)]",
        "command_line_arguments": "G:\\G-School\\AdvancedTools\\repo\\AdvancedTools_AI\\venv\\Scripts\\mlagents-learn config/moveAndJumpToGoal.yaml --run-id=OnlyMove_Big --resume",
        "mlagents_version": "0.25.1",
        "mlagents_envs_version": "0.25.1",
        "communication_protocol_version": "1.5.0",
        "pytorch_version": "1.8.1+cu102",
        "numpy_version": "1.20.2",
        "end_time_seconds": "1622135736"
    },
    "total": 1116.7614558,
    "count": 1,
    "self": 0.005472800000006828,
    "children": {
        "run_training.setup": {
            "total": 0.07467560000000006,
            "count": 1,
            "self": 0.07467560000000006
        },
        "TrainerController.start_learning": {
            "total": 1116.6813074,
            "count": 1,
            "self": 1.067601200015588,
            "children": {
                "TrainerController._reset_env": {
                    "total": 7.971737000000001,
                    "count": 1,
                    "self": 7.971737000000001
                },
                "TrainerController.advance": {
                    "total": 1107.5839653999842,
                    "count": 70934,
                    "self": 0.5045456999660018,
                    "children": {
                        "env_step": {
                            "total": 1107.0794197000182,
                            "count": 70934,
                            "self": 1039.8673541000296,
                            "children": {
                                "SubprocessEnvManager._take_step": {
                                    "total": 66.6219105999914,
                                    "count": 70934,
                                    "self": 1.8340391000032241,
                                    "children": {
                                        "TorchPolicy.evaluate": {
                                            "total": 64.78787149998817,
                                            "count": 33580,
                                            "self": 22.362953999994836,
                                            "children": {
                                                "TorchPolicy.sample_actions": {
                                                    "total": 42.424917499993335,
                                                    "count": 33580,
                                                    "self": 42.424917499993335
                                                }
                                            }
                                        }
                                    }
                                },
                                "workers": {
                                    "total": 0.5901549999970968,
                                    "count": 70934,
                                    "self": 0.0,
                                    "children": {
                                        "worker_root": {
                                            "total": 1108.131420300002,
                                            "count": 70934,
                                            "is_parallel": true,
                                            "self": 409.1821733000054,