{"count":1,"self":26.775881599999998,"total":27.013941199999998,"children":{"AgentSendState":{"count":1127,"self":0.0340074,"total":0.036005499999999996,"children":{"CollectObservations":{"count":226,"self":0.0009984,"total":0.0009984,"children":null},"CollectDiscreteActionMasks":{"count":226,"self":0.00099969999999999985,"total":0.00099969999999999985,"children":null}}},"DecideAction":{"count":1127,"self":0.17604329999999999,"total":0.17604329999999999,"children":null},"AgentAct":{"count":1127,"self":0.026010799999999997,"total":0.026010799999999997,"children":null}},"gauges":{"SimpleAimBehavior.CumulativeReward":{"count":17,"max":0.447999984,"min":-0.104000546,"runningAverage":0.279999852,"value":0.007999711,"weightedAverage":0.264003426}},"metadata":{"timer_format_version":"0.1.0","start_time_seconds":"1622059516","unity_version":"2019.4.23f1","command_line_arguments":"G:\\G-UnityVersions\\2019.4.23f1\\Editor\\Unity.exe -projectpath G:\/G-School\/AdvancedTools\/repo\/AdvancedTools_AI -useHub -hubIPC -cloudEnvironment production -hubSessionId 0ea4b230-be14-11eb-a414-bf46bbe938c7 -accessToken hHs9y8EOZDKSN8gL6sVdzO7h-nY5zKEv3CyAAvoENWQ008f","communication_protocol_version":"1.0.0","com.unity.ml-agents_version":"1.0.7","scene_name":"Fun","end_time_seconds":"1622059543"}}