{"count":1,"self":327.06414079999996,"total":2283.74561,"children":{"AgentSendState":{"count":345001,"self":29.275356799999997,"total":105.70264279999999,"children":{"CollectObservations":{"count":2001029,"self":7.9776656,"total":7.9776659999999993,"children":null},"CollectDiscreteActionMasks":{"count":2001029,"self":5.1142031999999995,"total":5.1142031999999995,"children":null},"AgentInfo.ToProto":{"count":2001029,"self":14.2935232,"total":63.3354183,"children":{"GenerateSensorData":{"count":2001029,"self":23.5043904,"total":49.0418947,"children":{"RayPerceptionSensor.Perceive":{"count":2001029,"self":25.5375056,"total":25.537505,"children":null}}}}}}},"DecideAction":{"count":345001,"self":1813.9621376,"total":1813.9621940999998,"children":null},"AgentAct":{"count":345001,"self":36.5821632,"total":36.707163099999995,"children":{"AgentInfo.ToProto":{"count":2365,"self":0.034997099999999996,"total":0.12499919999999999,"children":{"GenerateSensorData":{"count":2365,"self":0.0350119,"total":0.0900021,"children":{"RayPerceptionSensor.Perceive":{"count":2365,"self":0.054990199999999996,"total":0.054990199999999996,"children":null}}}}}}},"AgentInfo.ToProto":{"count":6276,"self":0.071981,"total":0.30946239999999997,"children":{"GenerateSensorData":{"count":6276,"self":0.1029717,"total":0.23748139999999998,"children":{"RayPerceptionSensor.Perceive":{"count":6276,"self":0.13450969999999998,"total":0.13450969999999998,"children":null}}}}}},"gauges":{"MoveAndJumpToGoal.CumulativeReward":{"count":8641,"max":0.984333336,"min":-1.99596989,"runningAverage":0.1860001,"value":0.670997,"weightedAverage":0.12781702}},"metadata":{"timer_format_version":"0.1.0","start_time_seconds":"1622550299","unity_version":"2019.4.23f1","command_line_arguments":"G:\\G-UnityVersions\\2019.4.23f1\\Editor\\Unity.exe -projectpath G:\/G-School\/AdvancedTools\/repo\/AdvancedTools_AI -useHub -hubIPC -cloudEnvironment production -hubSessionId 0af565a0-c2d1-11eb-8197-ab52ae53b7f5 -accessToken imtGqsITAzvzS88esGe7svGS5AzpxARhfh3B0hHQNCo008f","communication_protocol_version":"1.0.0","com.unity.ml-agents_version":"1.0.7","scene_name":"MoveAndJump","end_time_seconds":"1622552583"}}