{"count":1,"self":349.6487424,"total":5710.8048644,"children":{"AgentSendState":{"count":400084,"self":87.6705344,"total":343.71194529999997,"children":{"CollectObservations":{"count":6001260,"self":52.5605536,"total":52.560553999999996,"children":null},"CollectDiscreteActionMasks":{"count":6001260,"self":15.990620799999999,"total":15.9906201,"children":null},"AgentInfo.ToProto":{"count":6001260,"self":43.3861376,"total":187.4902391,"children":{"GenerateSensorData":{"count":6001260,"self":75.265305599999991,"total":144.1041013,"children":{"RayPerceptionSensor.Perceive":{"count":6001260,"self":68.8387968,"total":68.8387977,"children":null}}}}}}},"DecideAction":{"count":400084,"self":4957.0934784,"total":4957.0933303,"children":null},"AgentAct":{"count":400084,"self":60.113823999999994,"total":60.202839,"children":{"AgentInfo.ToProto":{"count":2133,"self":0.013998799999999999,"total":0.08901619999999999,"children":{"GenerateSensorData":{"count":2133,"self":0.0300045,"total":0.0750174,"children":{"RayPerceptionSensor.Perceive":{"count":2133,"self":0.045012899999999995,"total":0.045012899999999995,"children":null}}}}}}},"AgentInfo.ToProto":{"count":3363,"self":0.044997499999999996,"total":0.1470144,"children":{"GenerateSensorData":{"count":3363,"self":0.051003599999999996,"total":0.1020169,"children":{"RayPerceptionSensor.Perceive":{"count":3363,"self":0.0510133,"total":0.0510133,"children":null}}}}}},"gauges":{"MoveAndJumpToGoal.CumulativeReward":{"count":5496,"max":0.982,"min":-2.06449533,"runningAverage":-0.879302561,"value":0.928499937,"weightedAverage":-0.0780977}},"metadata":{"timer_format_version":"0.1.0","start_time_seconds":"1623337961","unity_version":"2019.4.23f1","command_line_arguments":"G:\\G-UnityVersions\\2019.4.23f1\\Editor\\Unity.exe -projectpath G:\/G-School\/AdvancedTools\/repo\/AdvancedTools_AI -useHub -hubIPC -cloudEnvironment production -hubSessionId cea71e00-c9be-11eb-ae5c-cfb5b9c08943 -accessToken 9st-ezD4QcmsfP9_J6VHneYeuEdVvgAy0Fr-sbOsK08008f","communication_protocol_version":"1.0.0","com.unity.ml-agents_version":"1.0.7","scene_name":"MoveAndJump","end_time_seconds":"1623343671"}}