{"count":1,"self":122.4596352,"total":1956.4622081999998,"children":{"AgentSendState":{"count":133417,"self":29.0384928,"total":114.9322706,"children":{"CollectObservations":{"count":2001255,"self":17.9013664,"total":17.901367,"children":null},"CollectDiscreteActionMasks":{"count":2001255,"self":5.1614556,"total":5.1614556999999994,"children":null},"AgentInfo.ToProto":{"count":2001255,"self":14.338358399999999,"total":62.8309563,"children":{"GenerateSensorData":{"count":2001255,"self":24.9682688,"total":48.492598699999995,"children":{"RayPerceptionSensor.Perceive":{"count":2001255,"self":23.524329599999998,"total":23.5243304,"children":null}}}}}}},"DecideAction":{"count":133417,"self":1698.42688,"total":1698.4268329,"children":null},"AgentAct":{"count":133417,"self":20.568212799999998,"total":20.5954655,"children":{"AgentInfo.ToProto":{"count":749,"self":0.003257,"total":0.027252099999999998,"children":{"GenerateSensorData":{"count":749,"self":0.0149965,"total":0.0239951,"children":{"RayPerceptionSensor.Perceive":{"count":749,"self":0.008998599999999999,"total":0.008998599999999999,"children":null}}}}}}},"AgentInfo.ToProto":{"count":1133,"self":0.0160029,"total":0.0470009,"children":{"GenerateSensorData":{"count":1133,"self":0.010000799999999999,"total":0.030997999999999998,"children":{"RayPerceptionSensor.Perceive":{"count":1133,"self":0.0209972,"total":0.0209972,"children":null}}}}}},"gauges":{"MoveAndJumpToGoal.CumulativeReward":{"count":1882,"max":0.985,"min":-2.05199623,"runningAverage":-1.038356,"value":-1.00001872,"weightedAverage":-0.9999612}},"metadata":{"timer_format_version":"0.1.0","start_time_seconds":"1623323725","unity_version":"2019.4.23f1","command_line_arguments":"G:\\G-UnityVersions\\2019.4.23f1\\Editor\\Unity.exe -projectpath G:\/G-School\/AdvancedTools\/repo\/AdvancedTools_AI -useHub -hubIPC -cloudEnvironment production -hubSessionId cea71e00-c9be-11eb-ae5c-cfb5b9c08943 -accessToken 9st-ezD4QcmsfP9_J6VHneYeuEdVvgAy0Fr-sbOsK08008f","communication_protocol_version":"1.0.0","com.unity.ml-agents_version":"1.0.7","scene_name":"MoveAndJump","end_time_seconds":"1623325682"}}