{
    "name": "root",
    "gauges": {
        "MoveAndJumpToGoal.Policy.Entropy.mean": {
            "value": 1.2844867706298828,
            "min": 1.2843260765075684,
            "max": 1.4234528541564941,
            "count": 100
        },
        "MoveAndJumpToGoal.Policy.Entropy.sum": {
            "value": 25779.650390625,
            "min": 25172.33203125,
            "max": 29380.06640625,
            "count": 100
        },
        "MoveAndJumpToGoal.Environment.EpisodeLength.mean": {
            "value": 1076.8125,
            "min": 101.9438775510204,
            "max": 1862.3076923076924,
            "count": 100
        },
        "MoveAndJumpToGoal.Environment.EpisodeLength.sum": {
            "value": 17229.0,
            "min": 12600.0,
            "max": 27364.0,
            "count": 100
        },
        "MoveAndJumpToGoal.Policy.ExtrinsicValueEstimate.mean": {
            "value": -0.04579141363501549,
            "min": -0.6627904176712036,
            "max": -0.016394414007663727,
            "count": 100
        },
        "MoveAndJumpToGoal.Policy.ExtrinsicValueEstimate.sum": {
            "value": -7.464000701904297,
            "min": -149.12783813476562,
            "max": -2.6886837482452393,
            "count": 100
        },
        "MoveAndJumpToGoal.Environment.CumulativeReward.mean": {
            "value": -0.41378129785880446,
            "min": -1.3002187598031014,
            "max": -0.1706750277429819,
            "count": 100
        },
        "MoveAndJumpToGoal.Environment.CumulativeReward.sum": {
            "value": -6.620500765740871,
            "min": -196.9520014077425,
            "max": -3.413500554859638,
            "count": 100
        },
        "MoveAndJumpToGoal.Policy.ExtrinsicReward.mean": {
            "value": -0.41378129785880446,
            "min": -1.3002187598031014,
            "max": -0.1706750277429819,
            "count": 100
        },
        "MoveAndJumpToGoal.Policy.ExtrinsicReward.sum": {
            "value": -6.620500765740871,
            "min": -196.9520014077425,
            "max": -3.413500554859638,
            "count": 100
        },
        "MoveAndJumpToGoal.Losses.PolicyLoss.mean": {
            "value": 0.07067836177407166,
            "min": 0.06249786225513768,
            "max": 0.07546979334306034,
            "count": 100
        },
        "MoveAndJumpToGoal.Losses.PolicyLoss.sum": {
            "value": 0.6361052559666449,
            "min": 0.5624807602962392,
            "max": 0.7178373492249247,
            "count": 100
        },
        "MoveAndJumpToGoal.Losses.ValueLoss.mean": {
            "value": 0.0033883885177576015,
            "min": 0.00028995959876466736,
            "max": 0.06754369451017635,
            "count": 100
        },
        "MoveAndJumpToGoal.Losses.ValueLoss.sum": {
            "value": 0.030495496659818412,
            "min": 0.0026096363888820063,
            "max": 0.6078932505915872,
            "count": 100
        },
        "MoveAndJumpToGoal.Policy.LearningRate.mean": {
            "value": 1.4859661713777795e-06,
            "min": 1.4859661713777795e-06,
            "max": 0.0002984122838625722,
            "count": 100
        },
        "MoveAndJumpToGoal.Policy.LearningRate.sum": {
            "value": 1.3373695542400016e-05,
            "min": 1.3373695542400016e-05,
            "max": 0.0029257374247542,
            "count": 100
        },
        "MoveAndJumpToGoal.Policy.Epsilon.mean": {
            "value": 0.10049528888888888,
            "min": 0.10049528888888888,
            "max": 0.19947076111111114,
            "count": 100
        },
        "MoveAndJumpToGoal.Policy.Epsilon.sum": {
            "value": 0.9044576,
            "min": 0.9044576,
            "max": 1.9752458000000002,
            "count": 100
        },
        "MoveAndJumpToGoal.Policy.Beta.mean": {
            "value": 3.471491555555559e-05,
            "min": 3.471491555555559e-05,
            "max": 0.004973590979444446,
            "count": 100
        },
        "MoveAndJumpToGoal.Policy.Beta.sum": {
            "value": 0.00031243424000000034,
            "min": 0.00031243424000000034,
            "max": 0.04876476542000001,
            "count": 100
        },
        "MoveAndJumpToGoal.IsTraining.mean": {
            "value": 1.0,
            "min": 1.0,
            "max": 1.0,
            "count": 100
        },
        "MoveAndJumpToGoal.IsTraining.sum": {
            "value": 1.0,
            "min": 1.0,
            "max": 1.0,
            "count": 100
        }
    },
    "metadata": {
        "timer_format_version": "0.1.0",
        "start_time_seconds": "1623321747",
        "python_version": "3.9.4 (tags/v3.9.4:1f2e308, Apr  6 2021, 13:40:21) [MSC v.1928 64 bit (AMD64)]",
        "command_line_arguments": "G:\\G-School\\AdvancedTools\\repo\\AdvancedTools_AI\\venv\\Scripts\\mlagents-learn config/starting_config.yaml --run-id=starting_config_moveJump_v1_run_2",
        "mlagents_version": "0.25.1",
        "mlagents_envs_version": "0.25.1",
        "communication_protocol_version": "1.5.0",
        "pytorch_version": "1.8.1+cu102",
        "numpy_version": "1.20.2",
        "end_time_seconds": "1623323712"
    },
    "total": 1965.5595902,
    "count": 1,
    "self": 0.005961500000012165,
    "children": {
        "run_training.setup": {
            "total": 0.07464749999999998,
            "count": 1,
            "self": 0.07464749999999998
        },
        "TrainerController.start_learning": {
            "total": 1965.4789812,
            "count": 1,
            "self": 2.674619199933886,
            "children": {
                "TrainerController._reset_env": {
                    "total": 6.3808526,
                    "count": 1,
                    "self": 6.3808526
                },
                "TrainerController.advance": {
                    "total": 1956.3614599000662,
                    "count": 133417,
                    "self": 1.2164252000079614,
                    "children": {
                        "env_step": {
                            "total": 1955.1450347000582,
                            "count": 133417,
                            "self": 1659.8822591000685,
                            "children": {
                                "SubprocessEnvManager._take_step": {
                                    "total": 293.8929126999965,
                                    "count": 133417,
                                    "self": 6.927588799994169,
                                    "children": {
                                        "TorchPolicy.evaluate": {
                                            "total": 286.9653239000023,
                                            "count": 133417,
                                            "self": 133.48057969998322,
                                            "children": {
                                                "TorchPolicy.sample_actions": {
                                                    "total": 153.4847442000191,
                                                    "count": 133417,
                                                    "self": 153.4847442000191
                                                }
                                            }
                                        }
                                    }
                                },
                                "workers": {
                                    "total": 1.3698628999932803,
                                    "count": 133417,
                                    "self": 0.0,
                                    "children": {
                                        "worker_root": {
                                            "total": 1957.388544399982,
                                            "count": 133417,
                                            "is_parallel": true,