{
    "name": "root",
    "gauges": {
        "MoveAndJumpToGoal.Policy.Entropy.mean": {
            "value": 1.3558144569396973,
            "min": 1.3558144569396973,
            "max": 1.4254146814346313,
            "count": 100
        },
        "MoveAndJumpToGoal.Policy.Entropy.sum": {
            "value": 27170.521484375,
            "min": 26407.28515625,
            "max": 29890.9453125,
            "count": 100
        },
        "MoveAndJumpToGoal.Environment.EpisodeLength.mean": {
            "value": 1329.5,
            "min": 95.23923444976077,
            "max": 1999.0,
            "count": 100
        },
        "MoveAndJumpToGoal.Environment.EpisodeLength.sum": {
            "value": 15954.0,
            "min": 7254.0,
            "max": 33644.0,
            "count": 100
        },
        "MoveAndJumpToGoal.Policy.ExtrinsicValueEstimate.mean": {
            "value": -0.02279088832437992,
            "min": -0.6524088382720947,
            "max": 0.22889317572116852,
            "count": 100
        },
        "MoveAndJumpToGoal.Policy.ExtrinsicValueEstimate.sum": {
            "value": -3.6921238899230957,
            "min": -152.01126098632812,
            "max": 53.561004638671875,
            "count": 100
        },
        "MoveAndJumpToGoal.Environment.CumulativeReward.mean": {
            "value": -0.3832692833474049,
            "min": -1.2476250473409891,
            "max": -0.07227781663338344,
            "count": 100
        },
        "MoveAndJumpToGoal.Environment.CumulativeReward.sum": {
            "value": -4.982500683516264,
            "min": -206.97150084376335,
            "max": -0.6505003497004509,
            "count": 100
        },
        "MoveAndJumpToGoal.Policy.ExtrinsicReward.mean": {
            "value": -0.3832692833474049,
            "min": -1.2476250473409891,
            "max": -0.07227781663338344,
            "count": 100
        },
        "MoveAndJumpToGoal.Policy.ExtrinsicReward.sum": {
            "value": -4.982500683516264,
            "min": -206.97150084376335,
            "max": -0.6505003497004509,
            "count": 100
        },
        "MoveAndJumpToGoal.Losses.PolicyLoss.mean": {
            "value": 0.07059898402549054,
            "min": 0.06110538851001114,
            "max": 0.07427042025484024,
            "count": 100
        },
        "MoveAndJumpToGoal.Losses.PolicyLoss.sum": {
            "value": 0.6353908562294149,
            "min": 0.5499484965901003,
            "max": 0.7427042025484023,
            "count": 100
        },
        "MoveAndJumpToGoal.Losses.ValueLoss.mean": {
            "value": 0.00219553787389956,
            "min": 7.495569879555738e-05,
            "max": 0.1397198955707246,
            "count": 100
        },
        "MoveAndJumpToGoal.Losses.ValueLoss.sum": {
            "value": 0.01975984086509604,
            "min": 0.0006746012891600164,
            "max": 1.2574790601365213,
            "count": 100
        },
        "MoveAndJumpToGoal.Policy.LearningRate.mean": {
            "value": 1.4955828348388916e-06,
            "min": 1.4955828348388916e-06,
            "max": 0.00029842770052409997,
            "count": 100
        },
        "MoveAndJumpToGoal.Policy.LearningRate.sum": {
            "value": 1.3460245513550025e-05,
            "min": 1.3460245513550025e-05,
            "max": 0.0029251056249647994,
            "count": 100
        },
        "MoveAndJumpToGoal.Policy.Epsilon.mean": {
            "value": 0.10049849444444445,
            "min": 0.10049849444444445,
            "max": 0.19947589999999998,
            "count": 100
        },
        "MoveAndJumpToGoal.Policy.Epsilon.sum": {
            "value": 0.90448645,
            "min": 0.90448645,
            "max": 1.9750352,
            "count": 100
        },
        "MoveAndJumpToGoal.Policy.Beta.mean": {
            "value": 3.487487277777783e-05,
            "min": 3.487487277777783e-05,
            "max": 0.00497384741,
            "count": 100
        },
        "MoveAndJumpToGoal.Policy.Beta.sum": {
            "value": 0.0003138738550000005,
            "min": 0.0003138738550000005,
            "max": 0.048754256479999994,
            "count": 100
        },
        "MoveAndJumpToGoal.IsTraining.mean": {
            "value": 1.0,
            "min": 1.0,
            "max": 1.0,
            "count": 100
        },
        "MoveAndJumpToGoal.IsTraining.sum": {
            "value": 1.0,
            "min": 1.0,
            "max": 1.0,
            "count": 100
        }
    },
    "metadata": {
        "timer_format_version": "0.1.0",
        "start_time_seconds": "1623333309",
        "python_version": "3.9.4 (tags/v3.9.4:1f2e308, Apr  6 2021, 13:40:21) [MSC v.1928 64 bit (AMD64)]",
        "command_line_arguments": "G:\\G-School\\AdvancedTools\\repo\\AdvancedTools_AI\\venv\\Scripts\\mlagents-learn config/increase_hidden_units_config_v1.yaml --run-id=higher_hunits_config_moveJump_v1_run_1",
        "mlagents_version": "0.25.1",
        "mlagents_envs_version": "0.25.1",
        "communication_protocol_version": "1.5.0",
        "pytorch_version": "1.8.1+cu102",
        "numpy_version": "1.20.2",
        "end_time_seconds": "1623335215"
    },
    "total": 1905.9499240999999,
    "count": 1,
    "self": 0.009011299999883704,
    "children": {
        "run_training.setup": {
            "total": 0.08040979999999986,
            "count": 1,
            "self": 0.08040979999999986
        },
        "TrainerController.start_learning": {
            "total": 1905.8605029999999,
            "count": 1,
            "self": 2.3976139000290004,
            "children": {
                "TrainerController._reset_env": {
                    "total": 15.2943313,
                    "count": 1,
                    "self": 15.2943313
                },
                "TrainerController.advance": {
                    "total": 1888.0854313999707,
                    "count": 133406,
                    "self": 1.161302999970303,
                    "children": {
                        "env_step": {
                            "total": 1886.9241284000004,
                            "count": 133406,
                            "self": 1599.9153249000287,
                            "children": {
                                "SubprocessEnvManager._take_step": {
                                    "total": 285.78697249996594,
                                    "count": 133406,
                                    "self": 6.362780999945471,
                                    "children": {
                                        "TorchPolicy.evaluate": {
                                            "total": 279.42419150002047,
                                            "count": 133406,
                                            "self": 127.3445206999859,
                                            "children": {
                                                "TorchPolicy.sample_actions": {
                                                    "total": 152.07967080003456,
                                                    "count": 133406,
                                                    "self": 152.07967080003456
                                                }
                                            }
                                        }
                                    }
                                },
                                "workers": {
                                    "total": 1.2218310000056078,
                                    "count": 133406,
                                    "self": 0.0,
                                    "children": {
                                        "worker_root": {
                                            "total": 1889.2783688999832,
                                            "count": 133406,
                                            "is_parallel": true,