{
    "name": "root",
    "gauges": {
        "SimpleAimBehavior.Policy.Entropy.mean": {
            "value": 0.9875416159629822,
            "min": 0.9875416159629822,
            "max": 1.0196568965911865,
            "count": 21
        },
        "SimpleAimBehavior.Policy.Entropy.sum": {
            "value": 24615.462890625,
            "min": 6348.3837890625,
            "max": 25722.24609375,
            "count": 21
        },
        "SimpleAimBehavior.Environment.EpisodeLength.mean": {
            "value": 31.67833981841764,
            "min": 30.71847133757962,
            "max": 49.1129363449692,
            "count": 21
        },
        "SimpleAimBehavior.Environment.EpisodeLength.sum": {
            "value": 24424.0,
            "min": 5384.0,
            "max": 25145.0,
            "count": 21
        },
        "SimpleAimBehavior.Policy.ExtrinsicValueEstimate.mean": {
            "value": 0.33996450901031494,
            "min": 0.1973877251148224,
            "max": 0.3538774847984314,
            "count": 21
        },
        "SimpleAimBehavior.Policy.ExtrinsicValueEstimate.sum": {
            "value": 283.1904296875,
            "min": 41.047325134277344,
            "max": 295.19970703125,
            "count": 21
        },
        "SimpleAimBehavior.Environment.CumulativeReward.mean": {
            "value": 0.3867808037888061,
            "min": 0.22751738402253524,
            "max": 0.3937783696264705,
            "count": 21
        },
        "SimpleAimBehavior.Environment.CumulativeReward.sum": {
            "value": 298.2079997211695,
            "min": 40.00000037252903,
            "max": 305.0200006067753,
            "count": 21
        },
        "SimpleAimBehavior.Policy.ExtrinsicReward.mean": {
            "value": 0.3867808037888061,
            "min": 0.22751738402253524,
            "max": 0.3937783696264705,
            "count": 21
        },
        "SimpleAimBehavior.Policy.ExtrinsicReward.sum": {
            "value": 298.2079997211695,
            "min": 40.00000037252903,
            "max": 305.0200006067753,
            "count": 21
        },
        "SimpleAimBehavior.IsTraining.mean": {
            "value": 1.0,
            "min": 1.0,
            "max": 1.0,
            "count": 21
        },
        "SimpleAimBehavior.IsTraining.sum": {
            "value": 1.0,
            "min": 1.0,
            "max": 1.0,
            "count": 21
        },
        "SimpleAimBehavior.Losses.PolicyLoss.mean": {
            "value": 0.09817910362487661,
            "min": 0.09384563210536294,
            "max": 0.10114366602717534,
            "count": 20
        },
        "SimpleAimBehavior.Losses.PolicyLoss.sum": {
            "value": 0.39271641449950645,
            "min": 0.2904875648545567,
            "max": 0.40457466410870135,
            "count": 20
        },
        "SimpleAimBehavior.Losses.ValueLoss.mean": {
            "value": 0.036485753814534595,
            "min": 0.02478593578678556,
            "max": 0.03693308980359386,
            "count": 20
        },
        "SimpleAimBehavior.Losses.ValueLoss.sum": {
            "value": 0.14594301525813838,
            "min": 0.09300338698551058,
            "max": 0.14773235921437544,
            "count": 20
        },
        "SimpleAimBehavior.Policy.LearningRate.mean": {
            "value": 7.600946216353749e-05,
            "min": 7.600946216353749e-05,
            "max": 0.00011172878150709375,
            "count": 20
        },
        "SimpleAimBehavior.Policy.LearningRate.sum": {
            "value": 0.00030403784865414994,
            "min": 0.0002446559184481,
            "max": 0.000446915126028375,
            "count": 20
        },
        "SimpleAimBehavior.Policy.Epsilon.mean": {
            "value": 0.12533646250000002,
            "min": 0.12533646250000002,
            "max": 0.13724290625000002,
            "count": 20
        },
        "SimpleAimBehavior.Policy.Epsilon.sum": {
            "value": 0.5013458500000001,
            "min": 0.38155190000000005,
            "max": 0.5489716250000001,
            "count": 20
        },
        "SimpleAimBehavior.Policy.Beta.mean": {
            "value": 0.00013414866625,
            "min": 0.00013414866625,
            "max": 0.00019249024062499998,
            "count": 20
        },
        "SimpleAimBehavior.Policy.Beta.sum": {
            "value": 0.000536594665,
            "min": 0.00042960430999999994,
            "max": 0.0007699609624999999,
            "count": 20
        }
    },
    "metadata": {
        "timer_format_version": "0.1.0",
        "start_time_seconds": "1622053114",
        "python_version": "3.9.4 (tags/v3.9.4:1f2e308, Apr  6 2021, 13:40:21) [MSC v.1928 64 bit (AMD64)]",
        "command_line_arguments": "G:\\G-School\\AdvancedTools\\repo\\AdvancedTools_AI\\venv\\Scripts\\mlagents-learn config/simpleAim.yaml --run-id=SimpleAimV1 --resume",
        "mlagents_version": "0.25.1",
        "mlagents_envs_version": "0.25.1",
        "communication_protocol_version": "1.5.0",
        "pytorch_version": "1.8.1+cu102",
        "numpy_version": "1.20.2",
        "end_time_seconds": "1622053611"
    },
    "total": 496.4461997,
    "count": 1,
    "self": 0.004354800000044179,
    "children": {
        "run_training.setup": {
            "total": 0.1312496999999997,
            "count": 1,
            "self": 0.1312496999999997
        },
        "TrainerController.start_learning": {
            "total": 496.31059519999997,
            "count": 1,
            "self": 0.493271700002083,
            "children": {
                "TrainerController._reset_env": {
                    "total": 12.6009884,
                    "count": 1,
                    "self": 12.6009884
                },
                "TrainerController.advance": {
                    "total": 483.14941179999784,
                    "count": 23517,
                    "self": 0.24126829999738675,
                    "children": {
                        "env_step": {
                            "total": 482.90814350000045,
                            "count": 23517,
                            "self": 431.1179098000027,
                            "children": {
                                "SubprocessEnvManager._take_step": {
                                    "total": 51.53606559999956,
                                    "count": 23517,
                                    "self": 1.3100381000029344,
                                    "children": {
                                        "TorchPolicy.evaluate": {
                                            "total": 50.226027499996626,
                                            "count": 23517,
                                            "self": 17.253852599999718,
                                            "children": {
                                                "TorchPolicy.sample_actions": {
                                                    "total": 32.97217489999691,
                                                    "count": 23517,
                                                    "self": 32.97217489999691
                                                }
                                            }
                                        }
                                    }
                                },
                                "workers": {
                                    "total": 0.25416809999821766,
                                    "count": 23516,
                                    "self": 0.0,
                                    "children": {
                                        "worker_root": {
                                            "total": 484.08234240000354,
                                            "count": 23516,
                                            "is_parallel": true,
                                            "self": 237.63402910000465,